"First Name","Last Name","Gender","Age","Email","Phone","Experience (Years)","Salary"
"Connie","Sullivan","Female","20","c.sullivan@randatmail.com","297-7086-69","0","5391"
"Maximilian","Gray","Male","21","m.gray@randatmail.com","702-4918-20","8","6007"
"Edward","Wright","Male","26","e.wright@randatmail.com","839-9535-87","1","1409"
"Melissa","Ryan","Female","20","m.ryan@randatmail.com","865-9602-34","4","664"
"Briony","Taylor","Female","24","b.taylor@randatmail.com","403-0688-53","3","8393"
"April","Chapman","Female","30","a.chapman@randatmail.com","675-1980-69","14","6932"
"Derek","Russell","Male","23","d.russell@randatmail.com","772-6095-45","5","6421"
"Garry","Moore","Male","21","g.moore@randatmail.com","929-5791-19","9","9207"
"Stella","Harper","Female","18","s.harper@randatmail.com","333-5569-58","4","1501"
"Robert","Walker","Male","29","r.walker@randatmail.com","709-3692-68","6","7057"
"Alan","Ferguson","Male","25","a.ferguson@randatmail.com","824-5237-63","2","2101"
"Brianna","Craig","Female","30","b.craig@randatmail.com","958-9639-77","6","3148"
"Annabella","West","Female","21","a.west@randatmail.com","085-1023-72","5","8392"
"Charlotte","Roberts","Female","26","c.roberts@randatmail.com","596-2538-32","10","6457"
"Oscar","Ryan","Male","21","o.ryan@randatmail.com","814-5261-79","2","3990"
"Belinda","Dixon","Female","27","b.dixon@randatmail.com","928-5252-78","11","8201"
"Julia","Baker","Female","19","j.baker@randatmail.com","017-2232-09","4","3410"
"Edith","Adams","Female","20","e.adams@randatmail.com","552-0060-84","10","3052"
"Jessica","Harrison","Female","23","j.harrison@randatmail.com","213-2176-15","0","2011"
"Darcy","Alexander","Female","27","d.alexander@randatmail.com","432-2030-48","9","2782"
"Harold","Cunningham","Male","24","h.cunningham@randatmail.com","628-4329-21","11","7957"
"Victor","Riley","Male","26","v.riley@randatmail.com","603-5791-22","2","1717"
"Caroline","Brown","Female","28","c.brown@randatmail.com","276-6050-53","7","9467"
"Roland","Higgins","Male","28","r.higgins@randatmail.com","766-2186-55","11","805"
"Fenton","Carroll","Male","27","f.carroll@randatmail.com","016-5119-92","8","5695"
"Roman","Edwards","Male","21","r.edwards@randatmail.com","504-4622-00","5","9696"
"Andrew","Henderson","Male","30","a.henderson@randatmail.com","078-1288-02","8","2215"
"Ryan","Campbell","Male","25","r.campbell@randatmail.com","708-2047-47","7","4282"
"Aldus","Thompson","Male","29","a.thompson@randatmail.com","456-8327-61","0","3367"
"Lucy","Warren","Female","29","l.warren@randatmail.com","134-8174-50","9","8389"
"Max","Brown","Male","20","m.brown@randatmail.com","428-5757-12","6","7931"
"Tara","Miller","Female","24","t.miller@randatmail.com","298-6883-54","10","3079"
"Roland","Johnston","Male","23","r.johnston@randatmail.com","747-8875-09","9","9873"
"Haris","Morrison","Male","22","h.morrison@randatmail.com","606-8800-00","7","5924"
"Preston","Gray","Male","24","p.gray@randatmail.com","726-6809-21","8","2086"
"Chloe","Wright","Female","20","c.wright@randatmail.com","056-7103-12","3","1738"
"Eric","Grant","Male","21","e.grant@randatmail.com","508-3364-69","3","5530"
"Melanie","Holmes","Female","23","m.holmes@randatmail.com","885-8009-72","5","5300"
"Maria","Wright","Female","27","m.wright@randatmail.com","205-3624-24","7","6847"
"Maria","Gibson","Female","22","m.gibson@randatmail.com","274-7301-81","8","2368"
"Reid","Wright","Male","23","r.wright@randatmail.com","494-4682-97","0","7533"
"Brad","Harrison","Male","22","b.harrison@randatmail.com","190-4672-31","6","8669"
"Frederick","Hall","Male","27","f.hall@randatmail.com","091-6146-91","4","1610"
"Charlie","Warren","Male","23","c.warren@randatmail.com","090-0286-39","9","1347"
"Hailey","Turner","Female","22","h.turner@randatmail.com","771-5312-58","11","8864"
"Heather","Grant","Female","28","h.grant@randatmail.com","055-0313-01","13","6081"
"Honey","Myers","Female","21","h.myers@randatmail.com","015-5440-35","5","7778"
"Sawyer","Jones","Male","30","s.jones@randatmail.com","528-1600-47","6","1997"
"Valeria","Turner","Female","29","v.turner@randatmail.com","510-6007-94","0","2434"
"Lana","Nelson","Female","22","l.nelson@randatmail.com","174-6354-57","3","8088"
"Annabella","Ferguson","Female","18","a.ferguson@randatmail.com","569-9532-91","1","3568"
"Maddie","Johnson","Female","18","m.johnson@randatmail.com","737-9933-75","4","7214"
"Julia","Thompson","Female","20","j.thompson@randatmail.com","397-0394-71","4","7381"
"Frederick","Gray","Male","27","f.gray@randatmail.com","167-9284-57","1","6355"
"Alberta","Hamilton","Female","30","a.hamilton@randatmail.com","409-0911-67","4","4446"
"Eddy","Richardson","Male","18","e.richardson@randatmail.com","151-0593-78","9","9366"
"Edith","Harrison","Female","28","e.harrison@randatmail.com","584-9686-87","10","3989"
"Carl","Barnes","Male","22","c.barnes@randatmail.com","408-3961-21","10","1332"
"Jacob","Owens","Male","23","j.owens@randatmail.com","278-0975-77","6","9763"
"Emily","Evans","Female","25","e.evans@randatmail.com","947-8590-84","10","9944"
"Belinda","Myers","Female","19","b.myers@randatmail.com","124-7182-91","4","6028"
"Nicholas","Grant","Male","30","n.grant@randatmail.com","765-0952-64","6","5339"
"Michelle","Thompson","Female","19","m.thompson@randatmail.com","384-9614-34","3","9145"
"Dexter","Martin","Male","28","d.martin@randatmail.com","795-7453-39","6","6354"
"Kimberly","Allen","Female","28","k.allen@randatmail.com","044-9698-65","0","8357"
"Elian","Wells","Male","28","e.wells@randatmail.com","538-5444-65","10","5350"
"Preston","Nelson","Male","26","p.nelson@randatmail.com","917-8073-57","3","3612"
"Victor","Thompson","Male","20","v.thompson@randatmail.com","719-1489-92","7","734"
"Max","Roberts","Male","23","m.roberts@randatmail.com","354-8422-20","9","5399"
"Dainton","Russell","Male","18","d.russell@randatmail.com","095-4996-10","4","3838"
"Vincent","Morrison","Male","19","v.morrison@randatmail.com","099-6601-71","3","5184"
"Valeria","Roberts","Female","28","v.roberts@randatmail.com","715-9716-48","5","8977"
"Annabella","Adams","Female","27","a.adams@randatmail.com","841-4416-90","9","4892"
"John","Bailey","Male","30","j.bailey@randatmail.com","150-4416-77","5","7984"
"Alberta","Morgan","Female","26","a.morgan@randatmail.com","422-2584-95","2","1548"
"Aida","Richards","Female","20","a.richards@randatmail.com","273-7297-43","1","6312"
"April","Farrell","Female","28","a.farrell@randatmail.com","704-4293-68","13","2679"
"Ashton","Ferguson","Male","25","a.ferguson@randatmail.com","092-9851-54","2","5769"
"Alexia","Walker","Female","27","a.walker@randatmail.com","086-5555-89","8","5073"
"Sofia","Riley","Female","19","s.riley@randatmail.com","032-0051-64","5","7041"
"Reid","Parker","Male","26","r.parker@randatmail.com","559-3651-97","10","5332"
"James","Mason","Male","22","j.mason@randatmail.com","712-9612-81","4","3270"
"Chloe","Bailey","Female","21","c.bailey@randatmail.com","165-9668-50","3","8248"
"Abigail","Bennett","Female","20","a.bennett@randatmail.com","361-9554-73","8","1775"
"William","Douglas","Male","23","w.douglas@randatmail.com","731-4305-52","10","9278"
"Maria","Campbell","Female","21","m.campbell@randatmail.com","926-8863-29","8","5888"
"Patrick","Taylor","Male","20","p.taylor@randatmail.com","788-7647-26","2","4594"
"Alberta","Murphy","Female","25","a.murphy@randatmail.com","638-7298-71","1","2550"
"Paige","Myers","Female","20","p.myers@randatmail.com","042-1261-96","4","7224"
"Martin","Richardson","Male","25","m.richardson@randatmail.com","026-0984-19","3","9172"
"Leonardo","Davis","Male","21","l.davis@randatmail.com","730-2633-41","4","6414"
"Chloe","Sullivan","Female","21","c.sullivan@randatmail.com","690-6938-87","0","965"
"Penelope","Murphy","Female","30","p.murphy@randatmail.com","807-0629-61","7","6451"
"Eleanor","Adams","Female","19","e.adams@randatmail.com","034-1677-40","1","8074"
"Daryl","Harper","Male","30","d.harper@randatmail.com","960-6739-57","4","1630"
"Kate","Wells","Female","18","k.wells@randatmail.com","943-7387-68","9","4782"
"Amy","Kelly","Female","23","a.kelly@randatmail.com","068-1785-03","10","6661"
"Audrey","Reed","Female","25","a.reed@randatmail.com","636-1412-37","7","6515"
"Dexter","Anderson","Male","20","d.anderson@randatmail.com","273-7760-61","0","6238"
"Victoria","Campbell","Female","30","v.campbell@randatmail.com","500-2856-52","13","6940"
"Jenna","Gray","Female","20","j.gray@randatmail.com","260-8799-52","9","8634"
"Alan","Stevens","Male","28","a.stevens@randatmail.com","985-9869-58","8","9248"
"Grace","Andrews","Female","29","g.andrews@randatmail.com","343-7247-61","5","8533"
"Michelle","Mitchell","Female","25","m.mitchell@randatmail.com","961-9906-06","4","2951"
"Arnold","Wells","Male","20","a.wells@randatmail.com","039-7606-67","7","3609"
"Aida","Davis","Female","20","a.davis@randatmail.com","942-4435-85","8","2080"
"Kelsey","Johnson","Female","20","k.johnson@randatmail.com","966-3172-66","2","1581"
"Adam","West","Male","29","a.west@randatmail.com","617-6507-44","5","6789"
"Roland","Murray","Male","23","r.murray@randatmail.com","704-2677-16","3","3171"
"Abraham","Scott","Male","19","a.scott@randatmail.com","318-2582-48","3","9875"
"Henry","Warren","Male","19","h.warren@randatmail.com","705-4378-42","7","6329"
"Tony","Cole","Male","24","t.cole@randatmail.com","239-6617-31","0","9937"
"Sophia","Moore","Female","23","s.moore@randatmail.com","229-5435-94","4","1379"
"Alina","West","Female","21","a.west@randatmail.com","826-5958-69","8","8523"
"Chloe","Johnston","Female","23","c.johnston@randatmail.com","629-5927-15","5","9857"
"Edward","Moore","Male","26","e.moore@randatmail.com","641-6874-91","0","5397"
"Martin","Alexander","Male","30","m.alexander@randatmail.com","236-4420-04","7","608"
"Amelia","Payne","Female","27","a.payne@randatmail.com","580-5773-47","3","8111"
"Tara","Walker","Female","20","t.walker@randatmail.com","698-2974-13","1","4356"
"Eric","Dixon","Male","30","e.dixon@randatmail.com","241-7558-67","12","6744"
"Kristian","Baker","Male","29","k.baker@randatmail.com","155-5519-46","0","9793"
"Harold","Morris","Male","21","h.morris@randatmail.com","746-5220-62","9","9117"
"Honey","Jones","Female","23","h.jones@randatmail.com","295-9912-58","2","4998"
"Kevin","Barnes","Male","21","k.barnes@randatmail.com","853-0263-19","3","2012"
"Julia","Jones","Female","21","j.jones@randatmail.com","207-4477-05","5","3361"
"Kelsey","Martin","Female","27","k.martin@randatmail.com","727-1611-68","13","4180"
"Anna","Baker","Female","19","a.baker@randatmail.com","307-6986-84","7","5587"
"Daniel","Miller","Male","20","d.miller@randatmail.com","248-6904-74","1","1248"
"Arthur","Craig","Male","23","a.craig@randatmail.com","412-8408-09","9","6265"
"Annabella","Chapman","Female","27","a.chapman@randatmail.com","325-0673-56","7","1755"
"Miller","Johnson","Male","27","m.johnson@randatmail.com","788-9814-14","0","4212"
"Jasmine","Bennett","Female","26","j.bennett@randatmail.com","560-8074-93","6","4868"
"Sienna","Richardson","Female","22","s.richardson@randatmail.com","087-7661-29","0","4073"
"Violet","Farrell","Female","21","v.farrell@randatmail.com","950-9473-54","6","7300"
"Vincent","Sullivan","Male","22","v.sullivan@randatmail.com","855-6143-24","1","1206"
"Sawyer","Mason","Male","28","s.mason@randatmail.com","067-4308-66","0","1804"
"Maya","Payne","Female","20","m.payne@randatmail.com","716-4883-14","9","779"
"Abraham","Gibson","Male","26","a.gibson@randatmail.com","401-1163-76","0","2842"
"Blake","Williams","Male","19","b.williams@randatmail.com","830-8076-46","4","3353"
"Daisy","Kelly","Female","22","d.kelly@randatmail.com","044-2173-33","6","1934"
"Myra","Morris","Female","24","m.morris@randatmail.com","919-2059-57","6","4022"
"Rubie","Myers","Female","28","r.myers@randatmail.com","943-9465-62","6","8086"
"Brianna","Gibson","Female","19","b.gibson@randatmail.com","573-2662-21","4","521"
"Alina","Harris","Female","22","a.harris@randatmail.com","966-2488-35","4","4595"
"Eleanor","Murphy","Female","25","e.murphy@randatmail.com","093-9287-66","5","4731"
"Daisy","Ferguson","Female","25","d.ferguson@randatmail.com","455-2573-89","9","1299"
"Sabrina","Myers","Female","25","s.myers@randatmail.com","958-7513-75","10","7519"
"Daniel","Hill","Male","29","d.hill@randatmail.com","327-8160-18","11","9371"
"Abigail","Phillips","Female","24","a.phillips@randatmail.com","417-4622-58","7","6468"
"Alfred","Bennett","Male","24","a.bennett@randatmail.com","386-3728-31","1","3373"
"Reid","Andrews","Male","21","r.andrews@randatmail.com","083-5974-64","0","8741"
"Amber","Hamilton","Female","20","a.hamilton@randatmail.com","682-4786-43","10","1940"
"Freddie","Ferguson","Male","21","f.ferguson@randatmail.com","482-1420-21","1","4726"
"Sam","Riley","Male","20","s.riley@randatmail.com","664-2402-13","4","2060"
"Miranda","Farrell","Female","29","m.farrell@randatmail.com","024-8491-66","13","6594"
"Tara","Mitchell","Female","25","t.mitchell@randatmail.com","154-5500-49","4","9143"
"Clark","Robinson","Male","23","c.robinson@randatmail.com","925-6645-64","10","2230"
"Eleanor","Holmes","Female","18","e.holmes@randatmail.com","869-0706-76","3","7087"
"Garry","Walker","Male","30","g.walker@randatmail.com","194-6324-20","0","4768"
"Max","Barrett","Male","20","m.barrett@randatmail.com","625-7416-95","6","8656"
"Ned","Williams","Male","22","n.williams@randatmail.com","753-3699-22","4","2850"
"Ashton","Gibson","Male","29","a.gibson@randatmail.com","534-4596-93","8","9187"
"Arthur","Chapman","Male","25","a.chapman@randatmail.com","329-4038-41","11","6071"
"Chloe","Elliott","Female","18","c.elliott@randatmail.com","505-5574-72","9","5679"
"Deanna","Barrett","Female","20","d.barrett@randatmail.com","700-1221-25","5","639"
"Alen","Higgins","Male","21","a.higgins@randatmail.com","270-4021-75","5","9670"
"Ryan","Farrell","Male","28","r.farrell@randatmail.com","055-4749-65","5","8326"
"Caroline","Douglas","Female","24","c.douglas@randatmail.com","707-5335-47","3","8858"
"Brianna","Clark","Female","28","b.clark@randatmail.com","342-1778-68","0","3533"
"Caroline","Spencer","Female","21","c.spencer@randatmail.com","288-0569-06","3","6768"
"Kelvin","Carroll","Male","28","k.carroll@randatmail.com","716-7578-87","7","2026"
"Aiden","Adams","Male","26","a.adams@randatmail.com","931-7523-97","7","2722"
"Garry","Jones","Male","28","g.jones@randatmail.com","709-0081-40","7","4562"
"Carlos","Stevens","Male","18","c.stevens@randatmail.com","129-3998-37","3","536"
"Sam","Thomas","Male","23","s.thomas@randatmail.com","031-6401-84","10","1703"
"Charlotte","Edwards","Female","24","c.edwards@randatmail.com","780-3588-45","3","8386"
"Ryan","Dixon","Male","27","r.dixon@randatmail.com","367-6110-72","11","4252"
"Sabrina","Parker","Female","20","s.parker@randatmail.com","828-2529-12","8","6938"
"Amber","Andrews","Female","30","a.andrews@randatmail.com","708-2895-92","4","7852"
"Frederick","Howard","Male","21","f.howard@randatmail.com","163-2958-17","5","2834"
"Daniel","Watson","Male","27","d.watson@randatmail.com","982-7867-02","2","4495"
"Lucy","Perry","Female","22","l.perry@randatmail.com","926-6321-42","7","8241"
"Tess","Elliott","Female","22","t.elliott@randatmail.com","968-8143-91","10","685"
"Lenny","Douglas","Male","30","l.douglas@randatmail.com","077-9844-34","14","5065"
"Eleanor","Martin","Female","24","e.martin@randatmail.com","303-7921-87","10","2318"
"Abigail","Wilson","Female","19","a.wilson@randatmail.com","998-2963-35","9","5683"
"Catherine","Anderson","Female","30","c.anderson@randatmail.com","086-6187-02","13","8180"
"Belinda","Scott","Female","23","b.scott@randatmail.com","204-3240-54","2","9116"
"Haris","Watson","Male","19","h.watson@randatmail.com","557-2870-35","7","7408"
"Maria","Warren","Female","22","m.warren@randatmail.com","310-1509-99","6","4236"
"Mary","Myers","Female","25","m.myers@randatmail.com","381-3466-69","9","5762"
"Connie","Spencer","Female","22","c.spencer@randatmail.com","949-1711-73","7","6519"
"Jared","Crawford","Male","23","j.crawford@randatmail.com","223-7751-12","5","5402"
"Charlotte","Casey","Female","29","c.casey@randatmail.com","761-6275-44","14","4350"
"Evelyn","Nelson","Female","21","e.nelson@randatmail.com","144-4057-04","9","7314"
"Rosie","Brown","Female","26","r.brown@randatmail.com","336-4047-77","0","3709"
"Adrianna","Scott","Female","19","a.scott@randatmail.com","004-3236-38","0","3449"
"Tyler","Phillips","Male","22","t.phillips@randatmail.com","198-5946-63","1","3758"
"Reid","Barnes","Male","29","r.barnes@randatmail.com","253-9889-54","0","1279"
"Adam","Roberts","Male","21","a.roberts@randatmail.com","974-7202-76","6","2057"
